,mu_y,sigma_y
0,612.0899999999999,134.78680592933264
