,mu_y,sigma_y
0,621.2736842105263,128.37710831397538
